{
  "id": "full-item-display",
  "title": "Full Item Display",
  "version": "0.1.1",
  "compatibility": {
    "minimum": "12",
    "verified": "12"
  },
    "relationships": {
    "systems": [
      {
        "id": "custom-system-builder",
        "type": "system",
        "compatibility": {
		"minimum": "4.0.0",
		"verified": "4.6.4"
		}
      }
    ],
    "recommends": [
      {
        "id": "dice-so-nice",
        "type": "module",
        "compatibility": {}
      }
    ]
  },
  "authors": [
    {
      "name": "Rohendor",
      "url": "https://github.com/Rohendor",
      "discord": "rohendor",
      "github": "rohendor",
      "flags": {}
    }
  ],
  	"styles": [],
    "esmodules": [
	  "/csb-components/module/sheets/components/FullItemDisplay.js"
	],
  "url": "https://github.com/Rohendor/FullItemDisplay-Forge",
  "manifest": "https://github.com/Rohendor/FullItemDisplay-Forge/releases/latest/download/module.json",
  "download": "https://github.com/Rohendor/FullItemDisplay-Forge/releases/latest/download/FullItemDisplayForge.zip"
}
